{"Title":{"Name":"Title","PosX":18.985000610351563,"PosY":56.652000427246094,"Size":1.4479999542236328}}