{"Camera":{"AngleX":11.154000282287598,"AngleY":332.3080139160156,"BossAngleX":-13.461000442504883,"BossAngleY":333.84600830078125,"BossPosX":0.6394243240356445,"BossPosY":9.0,"BossPosZ":-15.922327995300293,"BossViewAngle":60.0,"ChangeClearAngle":0.05000000074505806,"ChangeShakeAngle":100.0,"ClearAngleX":0.0,"ClearAngleY":0.0,"ClearPosX":0.0,"ClearPosY":3.0,"ClearPosZ":-8.0,"ClearViewAngle":60.0,"DefaultMove":0.10000000149011612,"DefaultShakeTime":10,"FixedAngleX":45.0,"FixedAngleY":0.0,"FixedPosX":0.0,"FixedPosY":0.0,"FixedPosZ":-13.0,"FixedViewAngle":60.0,"Name":"Camera","PlayerAngleX":10.0,"PlayerAngleY":0.0,"PlayerPosX":0.0,"PlayerPosY":3.0,"PlayerPosZ":-8.0,"PlayerViewAngle":60.0,"PosX":-1.1883922815322876,"PosY":9.657999992370605,"PosZ":-24.355815887451172,"ViewAngle":60.0}}