{
	"TitleCamera": {
		"ChangeAngle": 0.05,
		"DegAngX": -23.07699966430664,
		"DegAngY": 0.0,
		"DegAngZ": 0.0,
		"Name": "TitleCamera",
		"PosX": -25.641000747680664,
		"PosY": 166.91799926757813,
		"PosZ": -500.0,
		"ViewingAngle": 60.0
	}
}