{"Player":{"ATK":1,"ATKRange":30.0,"Angle":0.0,"DirX":0.0,"DirY":0.0,"DirZ":0.0,"ForwardX":0.0,"ForwardY":0.0,"ForwardZ":1.0,"HP":100,"InviTime":30,"Name":"Player","PosX":0.8989999890327454,"PosY":4.470348358154297e-07,"PosZ":-48.16600036621094,"ShieldName":"Shield","Size":1.0,"Speed":2.0,"Stamina":100,"SwordName":"Wood"}}