{"Stamina":{"Name":"Stamina","PosX":-600.0,"PosY":285.0679931640625,"Size":0.5070000290870667}}