{"Stamina":{"Name":"Stamina","PosX":-633.1420288085938,"PosY":294.8420104980469,"Size":0.5070000290870667}}