{"Stamina":{"Name":"Stamina","PosX":-600.0,"PosY":294.8420104980469,"Size":0.5070000290870667}}