{"Floor":{"Name":"Floor","PosX":541.5380249023438,"PosY":323.0769958496094,"Size":0.5}}