{"HP":{"Name":"HP","PosX":-633.1420288085938,"PosY":330.22601318359375,"Size":0.5070000290870667}}