{"TitleCamera":{"DegAngX":-23.07699966430664,"DegAngY":0.0,"DegAngZ":0.0,"Name":"TitleCamera","PosX":-25.641000747680664,"PosY":316.239013671875,"PosZ":-500.0}}