{
	"1Wave": {
		"0Bone": {
			"ATK": 2,
			"ATKRange": 3.0,
			"Angle": 170.5229949951172,
			"DirX": 0.0,
			"DirY": 0.0,
			"DirZ": 0.0,
			"ForwardX": 0.0,
			"ForwardY": 0.0,
			"ForwardZ": 1.0,
			"HP": 10,
			"Name": "Bone",
			"PosX": -1.5399142503738403,
			"PosY": 5.364418029785156e-07,
			"PosZ": 23.549421310424805,
			"Size": 1.5,
			"Speed": 1.0,
			"Stamina": 50
		},
		"1Bone": {
			"ATK": 2,
			"ATKRange": 3.0,
			"Angle": 180.0,
			"DirX": 0.0,
			"DirY": 0.0,
			"DirZ": 0.0,
			"ForwardX": 0.0,
			"ForwardY": 0.0,
			"ForwardZ": 1.0,
			"HP": 10,
			"Name": "Bone",
			"PosX": 32.21900177001953,
			"PosY": -5.066394805908203e-07,
			"PosZ": 0.0,
			"Size": 1.5,
			"Speed": 1.0,
			"Stamina": 50
		}
	},
	"2Wave": {
		"0Bone": {
			"ATK": 2,
			"ATKRange": 3.0,
			"Angle": 356.5413513183594,
			"DirX": 0.0,
			"DirY": 0.0,
			"DirZ": 0.0,
			"ForwardX": 0.0,
			"ForwardY": 0.0,
			"ForwardZ": 1.0,
			"HP": 10,
			"Name": "Bone",
			"PosX": -1.5399142503738403,
			"PosY": 3.5762786865234375e-07,
			"PosZ": 23.549421310424805,
			"Size": 1.5,
			"Speed": 1.0,
			"Stamina": 50
		},
		"1Bone": {
			"ATK": 2,
			"ATKRange": 3.0,
			"Angle": 180.0,
			"DirX": 0.0,
			"DirY": 0.0,
			"DirZ": 0.0,
			"ForwardX": 0.0,
			"ForwardY": 0.0,
			"ForwardZ": 1.0,
			"HP": 10,
			"Name": "Bone",
			"PosX": 32.21900177001953,
			"PosY": 5.066394805908203e-07,
			"PosZ": 0.0,
			"Size": 1.5,
			"Speed": 1.0,
			"Stamina": 50
		},
		"2Bone": {
			"ATK": 2,
			"ATKRange": 3.0,
			"Angle": 180.0,
			"DirX": 0.0,
			"DirY": 0.0,
			"DirZ": 0.0,
			"ForwardX": 0.0,
			"ForwardY": 0.0,
			"ForwardZ": 1.0,
			"HP": 10,
			"Name": "Bone",
			"PosX": -34.042999267578125,
			"PosY": 0.0,
			"PosZ": -9.119000434875488,
			"Size": 1.5,
			"Speed": 1.0,
			"Stamina": 50
		},
		"3Bone": {
			"ATK": 2,
			"ATKRange": 3.0,
			"Angle": 180.0,
			"DirX": 0.0,
			"DirY": 0.0,
			"DirZ": 0.0,
			"ForwardX": 0.0,
			"ForwardY": 0.0,
			"ForwardZ": 1.0,
			"HP": 10,
			"Name": "Bone",
			"PosX": 0.0,
			"PosY": 0.0,
			"PosZ": -41.33700180053711,
			"Size": 1.5,
			"Speed": 1.0,
			"Stamina": 50
		}
	}
}