{
	"0Bone": {
		"ATK": 2,
		"ATKRange": 3.0,
		"Angle": 138.49227905273438,
		"DirX": 0.0,
		"DirY": 0.0,
		"DirZ": 0.0,
		"ForwardX": 0.0,
		"ForwardY": 0.0,
		"ForwardZ": 1.0,
		"HP": 10,
		"Name": "Bone",
		"PosX": -23.041000366210938,
		"PosY": 5.066394805908203e-07,
		"PosZ": 23.4950008392334,
		"Size": 1.5,
		"Speed": 1.0,
		"Stamina": 50
	},
	"1Bone": {
		"ATK": 2,
		"ATKRange": 3.0,
		"Angle": 180.0,
		"DirX": 0.0,
		"DirY": 0.0,
		"DirZ": 0.0,
		"ForwardX": 0.0,
		"ForwardY": 0.0,
		"ForwardZ": 1.0,
		"HP": 10,
		"Name": "Bone",
		"PosX": 0.0,
		"PosY": 0.0,
		"PosZ": 31.524999618530273,
		"Size": 1.5,
		"Speed": 1.0,
		"Stamina": 50
	},
	"2Bone": {
		"ATK": 2,
		"ATKRange": 3.0,
		"Angle": 180.0,
		"DirX": 0.0,
		"DirY": 0.0,
		"DirZ": 0.0,
		"ForwardX": 0.0,
		"ForwardY": 0.0,
		"ForwardZ": 1.0,
		"HP": 10,
		"Name": "Bone",
		"PosX": 18.08799934387207,
		"PosY": 0.0,
		"PosZ": 25.84000015258789,
		"Size": 1.5,
		"Speed": 1.0,
		"Stamina": 50
	}
}