{
	"0Bone": {
		"ATK": 2,
		"ATKRange": 3.0,
		"Angle": 145.0590057373047,
		"DirX": 0.0,
		"DirY": 0.0,
		"DirZ": 0.0,
		"ForwardX": 0.0,
		"ForwardY": 0.0,
		"ForwardZ": 1.0,
		"HP": 10,
		"Name": "Bone",
		"PosX": -15.881999969482422,
		"PosY": 0.0,
		"PosZ": 20.58799934387207,
		"Size": 1.5,
		"Speed": 1.0,
		"Stamina": 50
	},
	"1Bone": {
		"ATK": 2,
		"ATKRange": 3.0,
		"Angle": 180.0,
		"DirX": 0.0,
		"DirY": 0.0,
		"DirZ": 0.0,
		"ForwardX": 0.0,
		"ForwardY": 0.0,
		"ForwardZ": 1.0,
		"HP": 10,
		"Name": "Bone",
		"PosX": 0.0,
		"PosY": 0.0,
		"PosZ": 24.118000030517578,
		"Size": 1.5,
		"Speed": 1.0,
		"Stamina": 50
	},
	"2Bone": {
		"ATK": 2,
		"ATKRange": 3.0,
		"Angle": 241.41200256347656,
		"DirX": 0.0,
		"DirY": 0.0,
		"DirZ": 0.0,
		"ForwardX": 0.0,
		"ForwardY": 0.0,
		"ForwardZ": 1.0,
		"HP": 10,
		"Name": "Bone",
		"PosX": 21.176000595092773,
		"PosY": 0.0,
		"PosZ": 20.0,
		"Size": 1.5,
		"Speed": 1.0,
		"Stamina": 50
	}
}