{
	"1Wave": {
		"Bone": {
			"0Bone": {
				"ATK": 2,
				"ATKRange": 3.0,
				"Angle": 188.47557067871094,
				"DirX": 0.0,
				"DirY": 0.0,
				"DirZ": 0.0,
				"ForwardX": 0.0,
				"ForwardY": 0.0,
				"ForwardZ": 1.0,
				"HP": 10,
				"Name": "Bone",
				"PosX": -1.3491591215133667,
				"PosY": -1.7881393432617188e-07,
				"PosZ": -9.30254077911377,
				"Size": 1.5,
				"Speed": 1.0,
				"Stamina": 50
			}
		}
	}
}