{
	"1Wave": {
		"Bone": {
			"0Bone": {
				"ATK": 2,
				"ATKRange": 3.0,
				"Angle": 188.47557067871094,
				"DirX": 0.0,
				"DirY": 0.0,
				"DirZ": 0.0,
				"ForwardX": 0.0,
				"ForwardY": 0.0,
				"ForwardZ": 1.0,
				"HP": 10,
				"Name": "Bone",
				"PosX": -1.3491591215133667,
				"PosY": -2.384185791015625e-07,
				"PosZ": 21.417999267578125,
				"Size": 1.5,
				"Speed": 1.0,
				"Stamina": 50
			}
		}
	},
	"2Wave": {
		"Bone": {
			"1Bone": {
				"ATK": 2,
				"ATKRange": 3.0,
				"Angle": 188.47557067871094,
				"DirX": 0.0,
				"DirY": 0.0,
				"DirZ": 0.0,
				"ForwardX": 0.0,
				"ForwardY": 0.0,
				"ForwardZ": 1.0,
				"HP": 10,
				"Name": "Bone",
				"PosX": -1.3491591215133667,
				"PosY": 1.1920928955078125e-07,
				"PosZ": 21.417999267578125,
				"Size": 1.5,
				"Speed": 1.0,
				"Stamina": 50
			},
			"2Bone": {
				"ATK": 2,
				"ATKRange": 3.0,
				"Angle": 140.5019989013672,
				"DirX": 0.0,
				"DirY": 0.0,
				"DirZ": 0.0,
				"ForwardX": 0.0,
				"ForwardY": 0.0,
				"ForwardZ": 1.0,
				"HP": 10,
				"Name": "Bone",
				"PosX": -15.04699993133545,
				"PosY": 1.1920928955078125e-07,
				"PosZ": 16.927000045776367,
				"Size": 1.5,
				"Speed": 1.0,
				"Stamina": 50
			},
			"3Bone": {
				"ATK": 2,
				"ATKRange": 3.0,
				"Angle": 218.3699951171875,
				"DirX": 0.0,
				"DirY": 0.0,
				"DirZ": 0.0,
				"ForwardX": 0.0,
				"ForwardY": 0.0,
				"ForwardZ": 1.0,
				"HP": 10,
				"Name": "Bone",
				"PosX": 15.04699993133545,
				"PosY": -2.384185791015625e-07,
				"PosZ": 19.43600082397461,
				"Size": 1.5,
				"Speed": 1.0,
				"Stamina": 50
			}
		}
	}
}