{
	"1Wave": {
		"Bone": {
			"1Bone": {
				"ATK": 2,
				"ATKRange": 3.0,
				"Angle": 278.4016418457031,
				"DirX": -0.9895711541175842,
				"DirY": -0.0036571116652339697,
				"DirZ": 0.14399853348731995,
				"ForwardX": 0.0,
				"ForwardY": 0.0,
				"ForwardZ": 1.0,
				"HP": 50,
				"Name": "Bone",
				"PosX": -0.8500514626502991,
				"PosY": 5.960464477539063e-08,
				"PosZ": 71.75855255126953,
				"Size": 1.5,
				"Speed": 1.0,
				"Stamina": 50
			},
			"2Bone": {
				"ATK": 2,
				"ATKRange": 3.0,
				"Angle": 180.0,
				"DirX": 0.0,
				"DirY": 0.0,
				"DirZ": 0.0,
				"ForwardX": 0.0,
				"ForwardY": 0.0,
				"ForwardZ": 1.0,
				"HP": 50,
				"Name": "Bone",
				"PosX": 0.0,
				"PosY": 0.4574999213218689,
				"PosZ": 0.0,
				"Size": 1.5,
				"Speed": 1.0,
				"Stamina": 50
			}
		}
	},
	"2Wave": {
		"Bone": {
			"0Bone": {
				"ATK": 2,
				"ATKRange": 3.0,
				"Angle": 125.73416900634766,
				"DirX": 0.0,
				"DirY": 0.0,
				"DirZ": 0.0,
				"ForwardX": 0.0,
				"ForwardY": 0.0,
				"ForwardZ": 1.0,
				"HP": 50,
				"Name": "Bone",
				"PosX": 25.135587692260742,
				"PosY": -2.980232238769531e-07,
				"PosZ": -17.446971893310547,
				"Size": 1.5,
				"Speed": 1.0,
				"Stamina": 50
			}
		}
	}
}