{
	"GameOver": {
		"AlphaChange": 0.014000000432133675,
		"Name": "gameStateUI",
		"PosX": 0.0,
		"PosY": 0.0,
		"Size": 1.4479999542236328
	}
}