{"Game":{"Name":"Game","PosX":17.375999450683594,"PosY":-133.5749969482422,"Size":0.49399998784065247}}