{"Game":{"Name":"Game","PosX":17.375999450683594,"PosY":-185.70199584960938,"Size":0.4309999942779541}}