{"SkyBox":{"0SkyBox":{"Angle":3.0769999027252197,"Name":"SkyBox","PosX":0.0,"PosY":301.2820129394531,"PosZ":0.0,"Size":2.808000087738037}},"Wall":{"0Wall":{"Angle":0.0,"Name":"Wall","PosX":0.0,"PosY":0.0,"PosZ":0.0,"Size":15.5}}}