{"TitleGuide":{"Name":"TitleGuide","PosX":-640.0,"PosY":-342.08099365234375,"Size":0.4269999861717224}}