{"Exit":{"Name":"Title","PosX":23.167999267578125,"PosY":-241.08599853515625,"Size":0.5199999809265137}}