{"Exit":{"Name":"Exit","PosX":23.167999267578125,"PosY":-267.14898681640625,"Size":0.39500001072883606}}