{
	"HP": {
		"Correction": 393.84600830078125,
		"DownTime": 60,
		"DownChange": 15.0,
		"Name": "HP",
		"PosX": 395.9914245605469,
		"PosY": 113.52346801757813,
		"Size": 0.23399999737739563
	}
}