{
	"HP": {
		"BossPosX": 75.29399871826172,
		"BossPosY": -270.7690124511719,
		"BossSize": 0.847000002861023,
		"Correction": 373.57501220703125,
		"DownChange": 15.0,
		"DownTime": 60,
		"Name": "HP",
		"NormalPosX": 410.30938720703125,
		"NormalPosY": 112.6228256225586,
		"NormalSize": 0.24300000071525574
	}
}