{
	"HP": {
		"Correction": 393.84600830078125,
		"DownTime": 60,
		"DownChange": 15.0,
		"Name": "HP",
		"NormalPosX": 395.9914245605469,
		"NormalPosY": 113.52346801757813,
		"NormalSize": 0.23399999737739563,
		"BossPosX": 0.0,
		"BossPosY": -160.0,
		"BossSize": 1.0
	}
}