{
	"1Wave": {
		"Bone": {
			"1Bone": {
				"ATK": 10,
				"ATKRange": 5.0,
				"Angle": 180.0,
				"ForwardX": 0.0,
				"ForwardY": 0.0,
				"ForwardZ": 1.0,
				"HP": 40,
				"Name": "Bone",
				"PosX": 0.12502776086330414,
				"PosY": 2.980232238769531e-07,
				"PosZ": 27.101999282836914,
				"Size": 1.5,
				"Speed": 1.0,
				"Stamina": 50
			}
		}
	},
	"2Wave": {
		"Bone": {
			"2Bone": {
				"ATK": 10,
				"ATKRange": 5.0,
				"Angle": 180.0,
				"ForwardX": 0.0,
				"ForwardY": 0.0,
				"ForwardZ": 1.0,
				"HP": 40,
				"Name": "Bone",
				"PosX": 0.12502776086330414,
				"PosY": 2.980232238769531e-07,
				"PosZ": 27.101999282836914,
				"Size": 1.5,
				"Speed": 1.0,
				"Stamina": 50
			},
			"3Bone": {
				"ATK": 10,
				"ATKRange": 5.0,
				"Angle": 130.31700134277344,
				"ForwardX": 0.0,
				"ForwardY": 0.0,
				"ForwardZ": 1.0,
				"HP": 40,
				"Name": "Bone",
				"PosX": -18.02400016784668,
				"PosY": 0.15164995193481445,
				"PosZ": 22.624000549316406,
				"Size": 1.5,
				"Speed": 1.0,
				"Stamina": 50
			},
			"4Bone": {
				"ATK": 10,
				"ATKRange": 5.0,
				"Angle": 237.8280029296875,
				"ForwardX": 0.0,
				"ForwardY": 0.0,
				"ForwardZ": 1.0,
				"HP": 40,
				"Name": "Bone",
				"PosX": 21.7189998626709,
				"PosY": 0.15164995193481445,
				"PosZ": 22.624000549316406,
				"Size": 1.5,
				"Speed": 1.0,
				"Stamina": 50
			}
		}
	}
}