{
	"1Wave": {
		"Golem": {
			"0Golem": {
				"ATK": 30,
				"ATKRange": 100.0,
				"Angle": 0.0,
				"EnemyCheckRadius": 3.0,
				"ForwardX": 0.0,
				"ForwardY": 0.0,
				"ForwardZ": -1.0,
				"HP": 250,
				"LeaveDist": 6.0,
				"Name": "Golem",
				"PosX": 0.0,
				"PosY": 319.900634765625,
				"PosZ": 28.958999633789063,
				"Size": 0.800000011920929,
				"Speed": 1.0,
				"Stamina": 50
			}
		}
	}
}