{
	"1Wave": {
		"Golem": {
			"0Golem": {
				"ATK": 2,
				"ATKRange": 150.0,
				"Angle": 0.0,
				"DirX": 0.0,
				"DirY": 0.0,
				"DirZ": 0.0,
				"ForwardX": 0.0,
				"ForwardY": 0.0,
				"ForwardZ": -1.0,
				"HP": 1,
				"Name": "Golem",
				"PosX": 0.0,
				"PosY": -1.1920928955078125e-07,
				"PosZ": 10.0,
				"Size": 1.0,
				"Speed": 0.5,
				"Stamina": 50
			}
		}
	},
	"2Wave": {
		"Bone": {
			"0Bone": {
				"ATK": 2,
				"ATKRange": 3.0,
				"Angle": 144.92990112304688,
				"DirX": 0.5735865831375122,
				"DirY": -0.0021118733566254377,
				"DirZ": -0.8191422820091248,
				"ForwardX": 0.0,
				"ForwardY": 0.0,
				"ForwardZ": 1.0,
				"HP": 50,
				"Name": "Bone",
				"PosX": 38.67893600463867,
				"PosY": 5.960464477539063e-08,
				"PosZ": 28.192394256591797,
				"Size": 1.5,
				"Speed": 1.0,
				"Stamina": 50
			},
			"1Bone": {
				"ATK": 2,
				"ATKRange": 3.0,
				"Angle": 143.36288452148438,
				"DirX": 0.5958052277565002,
				"DirY": -0.0020853448659181595,
				"DirZ": -0.8031262159347534,
				"ForwardX": 0.0,
				"ForwardY": 0.0,
				"ForwardZ": 1.0,
				"HP": 50,
				"Name": "Bone",
				"PosX": 37.267581939697266,
				"PosY": -2.384185791015625e-07,
				"PosZ": 27.919626235961914,
				"Size": 1.5,
				"Speed": 1.0,
				"Stamina": 50
			},
			"2Bone": {
				"ATK": 2,
				"ATKRange": 3.0,
				"Angle": 148.30487060546875,
				"DirX": 0.5240535140037537,
				"DirY": -0.00272544426843524,
				"DirZ": -0.8516809344291687,
				"ForwardX": 0.0,
				"ForwardY": 0.0,
				"ForwardZ": 1.0,
				"HP": 50,
				"Name": "Bone",
				"PosX": 46.60099411010742,
				"PosY": 1.7881393432617188e-07,
				"PosZ": 20.64757537841797,
				"Size": 1.5,
				"Speed": 1.0,
				"Stamina": 50
			}
		}
	}
}