{
	"1Wave": {
		"BoneAlpha": {
			"0BoneAlpha": {
				"ATK": 2,
				"ATKRange": 50.0,
				"Angle": 180.0,
				"ForwardX": 0.0,
				"ForwardY": 0.0,
				"ForwardZ": 1.0,
				"HP": 20,
				"Name": "BoneAlpha",
				"PosX": 0.0,
				"PosY": 167.86366271972656,
				"PosZ": 40.0,
				"Size": 1.5,
				"Speed": 1.0,
				"Stamina": 50
			}
		},
		"Bone": {
			"0Bone": {
				"ATK": 10,
				"ATKRange": 3.0,
				"Angle": 154.75100708007813,
				"ForwardX": 0.0,
				"ForwardY": 0.0,
				"ForwardZ": 1.0,
				"HP": 40,
				"Name": "Bone",
				"PosX": -15.0,
				"PosY": 167.86366271972656,
				"PosZ": 25.0,
				"Size": 1.5,
				"Speed": 1.0,
				"Stamina": 50
			},
			"1Bone": {
				"ATK": 10,
				"ATKRange": 3.0,
				"Angle": 205.24899291992188,
				"ForwardX": 0.0,
				"ForwardY": 0.0,
				"ForwardZ": 1.0,
				"HP": 40,
				"Name": "Bone",
				"PosX": 15.0,
				"PosY": 167.86366271972656,
				"PosZ": 25.0,
				"Size": 1.5,
				"Speed": 1.0,
				"Stamina": 50
			}
		}
	},
	"2Wave": {
		"BoneAlpha": {
			"0BoneAlpha": {
				"ATK": 2,
				"ATKRange": 50.0,
				"Angle": 180.0,
				"ForwardX": 0.0,
				"ForwardY": 0.0,
				"ForwardZ": 1.0,
				"HP": 20,
				"Name": "BoneAlpha",
				"PosX": 10.0,
				"PosY": 167.86366271972656,
				"PosZ": 40.04347610473633,
				"Size": 1.5,
				"Speed": 1.0,
				"Stamina": 50
			},
			"1BoneAlpha": {
				"ATK": 2,
				"ATKRange": 50.0,
				"Angle": 180.0,
				"ForwardX": 0.0,
				"ForwardY": 0.0,
				"ForwardZ": 1.0,
				"HP": 20,
				"Name": "BoneAlpha",
				"PosX": -10.0,
				"PosY": 167.86366271972656,
				"PosZ": 40.04347610473633,
				"Size": 1.5,
				"Speed": 1.0,
				"Stamina": 50
			}
		},
		"Bone": {
			"2Bone": {
				"ATK": 10,
				"ATKRange": 3.0,
				"Angle": 154.75100708007813,
				"ForwardX": 0.0,
				"ForwardY": 0.0,
				"ForwardZ": 1.0,
				"HP": 40,
				"Name": "Bone",
				"PosX": -15.0,
				"PosY": 167.86366271972656,
				"PosZ": 25.0,
				"Size": 1.5,
				"Speed": 1.0,
				"Stamina": 50
			},
			"3Bone": {
				"ATK": 10,
				"ATKRange": 3.0,
				"Angle": 205.24899291992188,
				"ForwardX": 0.0,
				"ForwardY": 0.0,
				"ForwardZ": 1.0,
				"HP": 40,
				"Name": "Bone",
				"PosX": 15.0,
				"PosY": 167.86366271972656,
				"PosZ": 25.0,
				"Size": 1.5,
				"Speed": 1.0,
				"Stamina": 50
			}
		}
	}
}